Entry	Sequence
A0A0M3Q1Q3	MRRSGNYQAPVWNNDFIQSFSTDKYKDEKFLKKKEELIAQVKVLLNTKMEAVKQLELIEDLRNLGLTYYFEDEFKKILTSIYNEHKGFKNEQVGDLYFTSLAFRLLRLHGFDVSEDVFNFFKNEDGSDFKASLGENTKDVLELYEASFLIRVGEVTLEQARVFSTKILEKKVEEGIKDEKLLAWIQHSLALPLHWRIQRLEARWFLDAYKARKDMNPIIYELGKIDFHIIQETQLQEVQEVSQWWTNTNLAEKLPFVRDRIVECYFWALGLFEPHEYGYQRKMAAIIITFVTIIDDVYDVYDTLDELQLFTDAIRKWDVESISTLPYYMQVCYLAVFTYASELAYDILKDQGFNSISYLQRSWLSLVEGFFQEAKWYYAGYTPTLAEYLENAKVSISSPTIISQVYFTLPNSTERTVVENVFGYHNILYLSGMILRLADDLGTTQFELKRGDVQKAIQCYMNDNNATEEEGTEHVKYLLREAWQEMNSAMADPDCPLSEDLVFAAANLGRTSQFIYLDGDGHGVQHSEIHNQMGGLIFEPYV
E2E2P0	MATLSMQVSILSKEVKNVNNIGMRASKPMVARRVSTTRLRPICSASLQVEEETRRSGNYQASIWNNDYVQSFNTNQYKDEKHLKKKEELIAQVKILLNTKMEAVKQLELIEDLRNLGLTYYFQDEVKKILTSIYNDHKCFKNEQVGDLYFTSLGFRLLRLHGFDVSEEVFDFFKNEDGSDFKASLGENIKDVLQLYEASFLIREGEVILEQARVFSTKHLEKKVDEGINDEKLLAWIRHSLALPLHWRIQRLEARWFLDAYRARKDMIPLIFELGKIDFHIIQETQLEELQEVSKWWTNSNLAEKLPFVRDRIVECYFWALGLFEPHEYGYQRKMAAIIITFVTIIDDVYDVYGTLDELQLFTDAIRKWDFQSISTLPYYMQVCYLALYTYASELAYDILKDQGFNSIAYLQRSWLSLVEGFFQEAKWYYAGYTPTLAEYLENAKVSISSPTIISQVYFTLPNSTERTVVENVFGYHNILYLSGMILRLADDLGTTQFELKRGDVQKAIQCYMKDNNATEKEGAEHVKYLLREAWKEMNTAMADPECPLSEDLVDAAANLGRASQFIYLEGDGHGVQHSEIHNQMGGLIFEPYV
O15455	MRQTLPCIYFWGGLLPFGMLCASSTTKCTVSHEVADCSHLKLTQVPDDLPTNITVLNLTHNQLRRLPAANFTRYSQLTSLDVGFNTISKLEPELCQKLPMLKVLNLQHNELSQLSDKTFAFCTNLTELHLMSNSIQKIKNNPFVKQKNLITLDLSHNGLSSTKLGTQVQLENLQELLLSNNKIQALKSEELDIFANSSLKKLELSSNQIKEFSPGCFHAIGRLFGLFLNNVQLGPSLTEKLCLELANTSIRNLSLSNSQLSTTSNTTFLGLKWTNLTMLDLSYNNLNVVGNDSFAWLPQLEYFFLEYNNIQHLFSHSLHGLFNVRYLNLKRSFTKQSISLASLPKIDDFSFQWLKCLEHLNMEDNDIPGIKSNMFTGLINLKYLSLSNSFTSLRTLTNETFVSLAHSPLHILNLTKNKISKIESDAFSWLGHLEVLDLGLNEIGQELTGQEWRGLENIFEIYLSYNKYLQLTRNSFALVPSLQRLMLRRVALKNVDSSPSPFQPLRNLTILDLSNNNIANINDDMLEGLEKLEILDLQHNNLARLWKHANPGGPIYFLKGLSHLHILNLESNGFDEIPVEVFKDLFELKIIDLGLNNLNTLPASVFNNQVSLKSLNLQKNLITSVEKKVFGPAFRNLTELDMRFNPFDCTCESIAWFVNWINETHTNIPELSSHYLCNTPPHYHGFPVRLFDTSSCKDSAPFELFFMINTSILLIFIFIVLLIHFEGWRISFYWNVSVHRVLGFKEIDRQTEQFEYAAYIIHAYKDKDWVWEHFSSMEKEDQSLKFCLEERDFEAGVFELEAIVNSIKRSRKIIFVITHHLLKDPLCKRFKVHHAVQQAIEQNLDSIILVFLEEIPDYKLNHALCLRRGMFKSHCILNWPVQKERIGAFRHKLQVALGSKNSVH
O95721	MSAYPKSYNPFDDDGEDEGARPAPWRDARDLPDGPDAPADRQQYLRQEVLRRAEATAASTSRSLALMYESEKVGVASSEELARQRGVLERTEKMVDKMDQDLKISQKHINSIKSVFGGLVNYFKSKPVETPPEQNGTLTSQPNNRLKEAISTSKEQEAKYQASHPNLRKLDDTDPVPRGAGSAMSTDAYPKNPHLRAYHQKIDSNLDELSMGLGRLKDIALGMQTEIEEQDDILDRLTTKVDKLDVNIKSTERKVRQL
P00973	MMDLRNTPAKSLDKFIEDYLLPDTCFRMQINHAIDIICGFLKERCFRGSSYPVCVSKVVKGGSSGKGTTLRGRSDADLVVFLSPLTTFQDQLNRRGEFIQEIRRQLEACQRERAFSVKFEVQAPRWGNPRALSFVLSSLQLGEGVEFDVLPAFDALGQLTGGYKPNPQIYVKLIEECTDLQKEGEFSTCFTELQRDFLKQRPTKLKSLIRLVKHWYQNCKKKLGKLPPQYALELLTVYAWERGSMKTHFNTAQGFRTVLELVINYQQLCIYWTKYYDFKNPIIEKYLRRQLTKPRPVILDPADPTGNLGGGDPKGWRQLAQEAEAWLNYPCFKNWDGSPVSSWILLAESNSADDETDDPRRYQKYGYIGTHEYPHFSHRPSTLQAASTPQAEEDWTCTIL
P02649	MKVLWAALLVTFLAGCQAKVEQAVETEPEPELRQQTEWQSGQRWELALGRFWDYLRWVQTLSEQVQEELLSSQVTQELRALMDETMKELKAYKSELEEQLTPVAEETRARLSKELQAAQARLGADMEDVCGRLVQYRGEVQAMLGQSTEELRVRLASHLRKLRKRLLRDADDLQKRLAVYQAGAREGAERGLSAIRERLGPLVEQGRVRAATVGSLAGQPLQERAQAWGERLRARMEEMGSRTRDRLDEVKEQVAEVRAKLEEQAQQIRLQAEAFQARLKSWFEPLVEDMQRQWAGLVEKVQAAVGTSAAPVPSDNH
P0DO35	MDISISWVVIILLVLSYLILMEKWRAAKLPKNLPPGPPKLPVIGHLHLLGGGLPQHVLRGITQKYGPVAHVQLGEVSSVVLSSTEAARQAMKVLDPAFADRFVNIGSRIMWYDSEDIIFSRYNDHWRQIRKICVSELLSPKNVKSFGYIRQDEMARLIRLFESSEGAAINVSEEISKTVCTIVSRVAFGSVVKDQSLLLNLVKESLRMASGFELADLFPSSWLLNLLCFNKYRLWGMRRRLDNFLDGFLEEHRVKKSGEYGGEDIIDVLYRMQKDSQMKVPITNNGIKGFIYDVFSAGTDTSAATILWALSELMRNPEKMAKAQAEVREILKGKTNVDMAEVHELKYLRSVVKEALRLHPPFPIIPRLCIQESEVTGYTIPANTRILINVWSIGRDPLYWNEPDTFNPDRYDEVPRDIIGNDFELIPFGSGRRICPGLHFGLANIEVPLAQLLYHFDWKLPQGMTAADIDMTEKPGLSGPRKNPLILVPTIHNPTS
P0DO38	MDISISWVVIIVFVLSYLILMDKWRASKLPGNLPPSPPKLPVIGHLHLLRGGLPQHVLRGITQKYGAVAHLQLGEVHSVVLSSAESTKQAMKVLDPTFADRFDSIGSQIMWYNNDDMIFSRYNDHWRQIRKICVSELLSPRNVRSFGFIRQDEMARLIRVFESSEGAAINASEEISKMSCAIVCRAAFGSVLKDQGKLADLVKEALSMASGFELADLYPSSWLLNLLCFNKYRLQRMRGRLDNILDGFLEEHKVKKSGEFGGEDIIDVLYRMQKDTEMKAPITNNGIKGFIFDVFSAGTETSATTIQWALSELMKNPEKMVKAQAEVREKLKGKTNPDVADVQELKYLHSVVKETLRLHPPFPLIPRLCKEECEVTGYTIPAKTRILVNVWSIGRDPAYWKDPDTFNPDRFDEVSRDVIGNDFELIPFGAGRRVCPGLHFGLANVEVPLAQLLYHFDYKLPSAMTAADMDMSETPGLSGPRKNPLIMIPTIHNPTS
P0DO39	MDISISWVVIIVFVLSYLILMDKWRASKLPGNLPPSPPKLPVIGHLHLLRGGLPQHVLRGITQKYGAVAHLQLGEVHSVVLSSAESTKQAMKVLDPTFADRFDSIGSQIMWYNNDDMIFSRYNDHWRQIRKICVSELLSPRNVRSFGFIRQDEMARLIRVFESSEGAAINASEEISKMSCAIVCRAAFGSVLKDQGKLADLVKEALSMASGFELADLYPSSWLLNLLCVNKYRLQRMRGRLDNILDGFLEEHKVKKSGEFGGEDIVDVLYRMQKDTEMKAPITNNGIKGFIFDVFSAGTETSATTIQWALSELMKNPEKMVKAQAEVREKLKGKTNPDVADVQELKYLHSVVKETLRLHPPFPLIPRLCKEECEVTGYTIPAKTRTLVNVWSIGRDPAYWKDPDTFNPDRFDEVSRDVIGNDFELIPFGAGRRVCPGLHFGLANVEVPLAQLLYHFDYKLPSAMTAADMDMSETPGLSGPRKNPLIMIPTIHNPTS
P0DO41	MDISISWVAIILVISSYFIFMNKWRAAKLPENLPPSPPKLPVIGHLHLLRGGLPQHVLRGITQKYGAVAHLQLGEVYSVVLSSAESTKQAMKVLDPTFADRFDSIGSQIMWYNNNDMIFSRYNDHWRQIRKICVSELLSPKNVRSFGFIRQDEMARLIRVFESSVGVPINASEEISKMSCAIVCRAAFGSVLKDQGLLADLVKEALGMASGFELADLYPSSWLLNLLCFNKYRLRRMRQRLDDILDGFLEEHRVKKSGEFGGEDIIDVLYRMQKDSENKVPITNSGIKGFIFDVFSAGTETSATTIQWALSELMKNPEKLAKAQAEVREKLKGKTNPDVAEVQEIKYLHSVVKETLRLHPPFPLIPRLCKEECEVTGYTIPAKTRILVNVWSIGRDPAYWKDPDTFNPDRFDEVSRDVIGNDFELIPFGAGRRICPGLHFGLANVEVPLAQLLYHFEWKLPQGMTPADMDMSETPGLSGPRKNPLIMVPTIHNPTS
P0DO42	MDISILWVAIILVISSYFIFMNKWRAAKLPENLPPSPPKLPVIGHLHLLRGGLPQHVLRGITQKYGAVAHLQLGEVYSVVLSSAESTKQAMKVLDPTFADRFDSFGSQIMWYNNNDMIFSRYNDHWRQIRKICVSELLSPKNVRSFGFIRQDEMARLIRVFESSVGVPINASEEISKMSCAIVCRAAFGSVLKDQGLLADLVKEALGMASGFELADLYPSSWLLNLLCFNKYRLRRMRQRLDDILDGFLEEHRVKKSGEFGGEDIIDVLYRMQKDSENKVPITNSGIKGFIFDVFSAGTETSATTIQWALSELMKNPEKLAKAQAEVREKLKGKTNPDVAEVQEIKYPHSVVKETLRLHPPFPLIPRLCKEECEVTGYTIPAKTRILVNVWSIGRDPAYWKDPDTFNPDRFDEVSRDVIGNDFELIPFGAGRRICPGLHFGLANVEVPLAQLLYHFEWKLPQGMTPADMDMSETPGLSGPRKNPLIMVPTIHNPTS
P11226	MSLFPSLPLLLLSMVAASYSETVTCEDAQKTCPAVIACSSPGINGFPGKDGRDGTKGEKGEPGQGLRGLQGPPGKLGPPGNPGPSGSPGPKGQKGDPGKSPDGDSSLAASERKALQTEMARIKKWLTFSLGKQVGNKFFLTNGEIMTFEKVKALCVKFQASVATPRNAAENGAIQNLIKEEAFLGITDEKTEGQFVDLTGNRLTYTNWNEGEPNNAGSDEDCVLLLKNGQWNDVPCSTSHLAVCEFPI
P17181	MMVVLLGATTLVLVAVAPWVLSAAAGGKNLKSPQKVEVDIIDDNFILRWNRSDESVGNVTFSFDYQKTGMDNWIKLSGCQNITSTKCNFSSLKLNVYEEIKLRIRAEKENTSSWYEVDSFTPFRKAQIGPPEVHLEAEDKAIVIHISPGTKDSVMWALDGLSFTYSLVIWKNSSGVEERIENIYSRHKIYKLSPETTYCLKVKAALLTSWKIGVYSPVHCIKTTVENELPPPENIEVSVQNQNYVLKWDYTYANMTFQVQWLHAFLKRNPGNHLYKWKQIPDCENVKTTQCVFPQNVFQKGIYLLRVQASDGNNTSFWSEEIKFDTEIQAFLLPPVFNIRSLSDSFHIYIGAPKQSGNTPVIQDYPLIYEIIFWENTSNAERKIIEKKTDVTVPNLKPLTVYCVKARAHTMDEKLNKSSVFSDAVCEKTKPGNTSKIWLIVGICIALFALPFVIYAAKVFLRCINYVFFPSLKPSSSIDEYFSEQPLKNLLLSTSEEQIEKCFIIENISTIATVEETNQTDEDHKKYSSQTSQDSGNYSNEDESESKTSEELQQDFV
P48551	MLLSQNAFIFRSLNLVLMVYISLVFGISYDSPDYTDESCTFKISLRNFRSILSWELKNHSIVPTHYTLLYTIMSKPEDLKVVKNCANTTRSFCDLTDEWRSTHEAYVTVLEGFSGNTTLFSCSHNFWLAIDMSFEPPEFEIVGFTNHINVMVKFPSIVEEELQFDLSLVIEEQSEGIVKKHKPEIKGNMSGNFTYIIDKLIPNTNYCVSVYLEHSDEQAVIKSPLKCTLLPPGQESESAESAKIGGIITVFLIALVLTSTIVTLKWIGYICLRNSLPKVLNFHNFLAWPFPNLPPLEAMDMVEVIYINRKKKVWDYNYDDESDSDTEAAPRTSGGGYTMHGLTVRPLGQASATSTESQLIDPESEEEPDLPEVDVELPTMPKDSPQQLELLSGPCERRKSPLQDPFPEEDYSSTEGSGGRITFNVDLNSVFLRVLDDEDSDDLEAPLMLSSHLEEMVDPEDPDNVQSNHLLASGEGTQPTFPSPSSEGLWSEDAPSDQSDTSESDVDLGDGYIMR
Q14653	MGTPKPRILPWLVSQLDLGQLEGVAWVNKSRTRFRIPWKHGLRQDAQQEDFGIFQAWAEATGAYVPGRDKPDLPTWKRNFRSALNRKEGLRLAEDRSKDPHDPHKIYEFVNSGVGDFSQPDTSPDTNGGGSTSDTQEDILDELLGNMVLAPLPDPGPPSLAVAPEPCPQPLRSPSLDNPTPFPNLGPSENPLKRLLVPGEEWEFEVTAFYRGRQVFQQTISCPEGLRLVGSEVGDRTLPGWPVTLPDPGMSLTDRGVMSYVRHVLSCLGGGLALWRAGQWLWAQRLGHCHTYWAVSEELLPNSGHGPDGEVPKDKEGGVFDLGPFIVDLITFTEGSGRSPRYALWFCVGESWPQDQPWTKRLVMVKVVPTCLRALVEMARVGGASSLENTVDLHISNSHPLSLTSDQYKAYLQDLVEGMDFQGPGES
Q86WV6	MPHSSLHPSIPCPRGHGAQKAALVLLSACLVTLWGLGEPPEHTLRYLVLHLASLQLGLLLNGVCSLAEELRHIHSRYRGSYWRTVRACLGCPLRRGALLLLSIYFYYSLPNAVGPPFTWMLALLGLSQALNILLGLKGLAPAEISAVCEKGNFNVAHGLAWSYYIGYLRLILPELQARIRTYNQHYNNLLRGAVSQRLYILLPLDCGVPDNLSMADPNIRFLDKLPQQTGDHAGIKDRVYSNSIYELLENGQRAGTCVLEYATPLQTLFAMSQYSQAGFSREDRLEQAKLFCRTLEDILADAPESQNNCRLIAYQEPADDSSFSLSQEVLRHLRQEEKEEVTVGSLKTSAVPSTSTMSQEPELLISGMEKPLPLRTDFS
Q8IUC6	MACTGPSLPSAFDILGAAGQDKLLYLKHKLKTPRPGCQGQDLLHAMVLLKLGQETEARISLEALKADAVARLVARQWAGVDSTEDPEEPPDVSWAVARLYHLLAEEKLCPASLRDVAYQEAVRTLSSRDDHRLGELQDEARNRCGWDIAGDPGSIRTLQSNLGCLPPSSALPSGTRSLPRPIDGVSDWSQGCSLRSTGSPASLASNLEISQSPTMPFLSLHRSPHGPSKLCDDPQASLVPEPVPGGCQEPEEMSWPPSGEIASPPELPSSPPPGLPEVAPDATSTGLPDTPAAPETSTNYPVECTEGSAGPQSLPLPILEPVKNPCSVKDQTPLQLSVEDTTSPNTKPCPPTPTTPETSPPPPPPPPSSTPCSAHLTPSSLFPSSLESSSEQKFYNFVILHARADEHIALRVREKLEALGVPDGATFCEDFQVPGRGELSCLQDAIDHSAFIILLLTSNFDCRLSLHQVNQAMMSNLTRQGSPDCVIPFLPLESSPAQLSSDTASLLSGLVRLDEHSQIFARKVANTFKPHRLQARKAMWRKEQDTRALREQSQHLDGERMQAAALNAAYSAYLQSYLSYQAQMEQLQVAFGSHMSFGTGAPYGARMPFGGQVPLGAPPPFPTWPGCPQPPPLHAWQAGTPPPPSPQPAAFPQSLPFPQSPAFPTASPAPPQSPGLQPLIIHHAQMVQLGLNNHMWNQRGSQAPEDKTQEAE
Q8N884	MQPWHGKAMQRASEAGATAPKASARNARGAPMDPTESPAAPEAALPKAGKFGPARKSGSRQKKSAPDTQERPPVRATGARAKKAPQRAQDTQPSDATSAPGAEGLEPPAAREPALSRAGSCRQRGARCSTKPRPPPGPWDVPSPGLPVSAPILVRRDAAPGASKLRAVLEKLKLSRDDISTAAGMVKGVVDHLLLRLKCDSAFRGVGLLNTGSYYEHVKISAPNEFDVMFKLEVPRIQLEEYSNTRAYYFVKFKRNPKENPLSQFLEGEILSASKMLSKFRKIIKEEINDIKDTDVIMKRKRGGSPAVTLLISEKISVDITLALESKSSWPASTQEGLRIQNWLSAKVRKQLRLKPFYLVPKHAKEGNGFQEETWRLSFSHIEKEILNNHGKSKTCCENKEEKCCRKDCLKLMKYLLEQLKERFKDKKHLDKFSSYHVKTAFFHVCTQNPQDSQWDRKDLGLCFDNCVTYFLQCLRTEKLENYFIPEFNLFSSNLIDKRSKEFLTKQIEYERNNEFPVFDEF
Q92985	MALAPERAAPRVLFGEWLLGEISSGCYEGLQWLDEARTCFRVPWKHFARKDLSEADARIFKAWAVARGRWPPSSRGGGPPPEAETAERAGWKTNFRCALRSTRRFVMLRDNSGDPADPHKVYALSRELCWREGPGTDQTEAEAPAAVPPPQGGPPGPFLAHTHAGLQAPGPLPAPAGDKGDLLLQAVQQSCLADHLLTASWGADPVPTKAPGEGQEGLPLTGACAGGPGLPAGELYGWAVETTPSPGPQPAALTTGEAAAPESPHQAEPYLSPSPSACTAVQEPSPGALDVTIMYKGRTVLQKVVGHPSCTFLYGPPDPAVRATDPQQVAFPSPAELPDQKQLRYTEELLRHVAPGLHLELRGPQLWARRMGKCKVYWEVGGPPGSASPSTPACLLPRNCDTPIFDFRVFFQELVEFRARQRRGSPRYTIYLGFGQDLSAGRPKEKSLVLVKLEPWLCRVHLEGTQREGVSSLDSSSLSLCLSSANSLYDDIECFLMELEQPA
Q96JC1	MHDAFEPVPILEKLPLQIDCLAAWEEWLLVGTKQGHLLLYRIRKDVVPADVASPESGSCNRFEVTLEKSNKNFSKKIQQIHVVSQFKILVSLLENNIYVHDLLTFQQITTVSKAKGASLFTCDLQHTETGEEVLRMCVAVKKKLQLYFWKDREFHELQGDFSVPDVPKSMAWCENSICVGFKRDYYLIRVDGKGSIKELFPTGKQLEPLVAPLADGKVAVGQDDLTVVLNEEGICTQKCALNWTDIPVAMEHQPPYIIAVLPRYVEIRTFEPRLLVQSIELQRPRFITSGGSNIIYVASNHFVWRLIPVPMATQIQQLLQDKQFELALQLAEMKDDSDSEKQQQIHHIKNLYAFNLFCQKRFDESMQVFAKLGTDPTHVMGLYPDLLPTDYRKQLQYPNPLPVLSGAELEKAHLALIDYLTQKRSQLVKKLNDSDHQSSTSPLMEGTPTIKSKKKLLQIIDTTLLKCYLHTNVALVAPLLRLENNHCHIEESEHVLKKAHKYSELIILYEKKGLHEKALQVLVDQSKKANSPLKGHERTVQYLQHLGTENLHLIFSYSVWVLRDFPEDGLKIFTEDLPEVESLPRDRVLGFLIENFKGLAIPYLEHIIHVWEETGSRFHNCLIQLYCEKVQGLMKEYLLSFPAGKTPVPAGEEEGELGEYRQKLLMFLEISSYYDPGRLICDFPFDGLLEERALLLGRMGKHEQALFIYVHILKDTRMAEEYCHKHYDRNKDGNKDVYLSLLRMYLSPPSIHCLGPIKLELLEPKANLQAALQVLELHHSKLDTTKALNLLPANTQINDIRIFLEKVLEENAQKKRFNQVLKNLLHAEFLRVQEERILHQQVKCIITEEKVCMVCKKKIGNSAFARYPNGVVVHYFCSKEVNPADT
Q96P20	MKMASTRCKLARYLEDLEDVDLKKFKMHLEDYPPQKGCIPLPRGQTEKADHVDLATLMIDFNGEEKAWAMAVWIFAAINRRDLYEKAKRDEPKWGSDNARVSNPTVICQEDSIEEEWMGLLEYLSRISICKMKKDYRKKYRKYVRSRFQCIEDRNARLGESVSLNKRYTRLRLIKEHRSQQEREQELLAIGKTKTCESPVSPIKMELLFDPDDEHSEPVHTVVFQGAAGIGKTILARKMMLDWASGTLYQDRFDYLFYIHCREVSLVTQRSLGDLIMSCCPDPNPPIHKIVRKPSRILFLMDGFDELQGAFDEHIGPLCTDWQKAERGDILLSSLIRKKLLPEASLLITTRPVALEKLQHLLDHPRHVEILGFSEAKRKEYFFKYFSDEAQARAAFSLIQENEVLFTMCFIPLVCWIVCTGLKQQMESGKSLAQTSKTTTAVYVFFLSSLLQPRGGSQEHGLCAHLWGLCSLAADGIWNQKILFEESDLRNHGLQKADVSAFLRMNLFQKEVDCEKFYSFIHMTFQEFFAAMYYLLEEEKEGRTNVPGSRLKLPSRDVTVLLENYGKFEKGYLIFVVRFLFGLVNQERTSYLEKKLSCKISQQIRLELLKWIEVKAKAKKLQIQPSQLELFYCLYEMQEEDFVQRAMDYFPKIEINLSTRMDHMVSSFCIENCHRVESLSLGFLHNMPKEEEEEEKEGRHLDMVQCVLPSSSHAACSHGLVNSHLTSSFCRGLFSVLSTSQSLTELDLSDNSLGDPGMRVLCETLQHPGCNIRRLWLGRCGLSHECCFDISLVLSSNQKLVELDLSDNALGDFGIRLLCVGLKHLLCNLKKLWLVSCCLTSACCQDLASVLSTSHSLTRLYVGENALGDSGVAILCEKAKNPQCNLQKLGLVNSGLTSVCCSALSSVLSTNQNLTHLYLRGNTLGDKGIKLLCEGLLHPDCKLQVLELDNCNLTSHCCWDLSTLLTSSQSLRKLSLGNNDLGDLGVMMFCEVLKQQSCLLQNLGLSEMYFNYETKSALETLQEEKPELTVVFEPSW
Q9BV40	MEEASEGGGNDRVRNLQSEVEGVKNIMTQNVERILARGENLEHLRNKTEDLEATSEHFKTTSQKVARKFWWKNVKMIVLICVIVFIIILFIVLFATGAFS
Q9NYK1	MVFPMWTLKRQILILFNIILISKLLGARWFPKTLPCDVTLDVPKNHVIVDCTDKHLTEIPGGIPTNTTNLTLTINHIPDISPASFHRLDHLVEIDFRCNCVPIPLGSKNNMCIKRLQIKPRSFSGLTYLKSLYLDGNQLLEIPQGLPPSLQLLSLEANNIFSIRKENLTELANIEILYLGQNCYYRNPCYVSYSIEKDAFLNLTKLKVLSLKDNNVTAVPTVLPSTLTELYLYNNMIAKIQEDDFNNLNQLQILDLSGNCPRCYNAPFPCAPCKNNSPLQIPVNAFDALTELKVLRLHSNSLQHVPPRWFKNINKLQELDLSQNFLAKEIGDAKFLHFLPSLIQLDLSFNFELQVYRASMNLSQAFSSLKSLKILRIRGYVFKELKSFNLSPLHNLQNLEVLDLGTNFIKIANLSMFKQFKRLKVIDLSVNKISPSGDSSEVGFCSNARTSVESYEPQVLEQLHYFRYDKYARSCRFKNKEASFMSVNESCYKYGQTLDLSKNSIFFVKSSDFQHLSFLKCLNLSGNLISQTLNGSEFQPLAELRYLDFSNNRLDLLHSTAFEELHKLEVLDISSNSHYFQSEGITHMLNFTKNLKVLQKLMMNDNDISSSTSRTMESESLRTLEFRGNHLDVLWREGDNRYLQLFKNLLKLEELDISKNSLSFLPSGVFDGMPPNLKNLSLAKNGLKSFSWKKLQCLKNLETLDLSHNQLTTVPERLSNCSRSLKNLILKNNQIRSLTKYFLQDAFQLRYLDLSSNKIQMIQKTSFPENVLNNLKMLLLHHNRFLCTCDAVWFVWWVNHTEVTIPYLATDVTCVGPGAHKGQSVISLDLYTCELDLTNLILFSLSISVSLFLMVMMTASHLYFWDVWYIYHFCKAKIKGYQRLISPDCCYDAFIVYDTKDPAVTEWVLAELVAKLEDPREKHFNLCLEERDWLPGQPVLENLSQSIQLSKKTVFVMTDKYAKTENFKIAFYLSHQRLMDEKVDVIILIFLEKPFQKSKFLQLRKRLCGSSVLEWPTNPQAHPYFWQCLKNALATDNHVAYSQVFKETV
Q9UHD2	MQSTSNHLWLLSDILGQGATANVFRGRHKKTGDLFAIKVFNNISFLRPVDVQMREFEVLKKLNHKNIVKLFAIEEETTTRHKVLIMEFCPCGSLYTVLEEPSNAYGLPESEFLIVLRDVVGGMNHLRENGIVHRDIKPGNIMRVIGEDGQSVYKLTDFGAARELEDDEQFVSLYGTEEYLHPDMYERAVLRKDHQKKYGATVDLWSIGVTFYHAATGSLPFRPFEGPRRNKEVMYKIITGKPSGAISGVQKAENGPIDWSGDMPVSCSLSRGLQVLLTPVLANILEADQEKCWGFDQFFAETSDILHRMVIHVFSLQQMTAHKIYIHSYNTATIFHELVYKQTKIISSNQELIYEGRRLVLEPGRLAQHFPKTTEENPIFVVSREPLNTIGLIYEKISLPKVHPRYDLDGDASMAKAITGVVCYACRIASTLLLYQELMRKGIRWLIELIKDDYNETVHKKTEVVITLDFCIRNIEKTVKVYEKLMKINLEAAELGEISDIHTKLLRLSSSQGTIETSLQDIDSRLSPGGSLADAWAHQEGTHPKDRNVEKLQVLLNCMTEIYYQFKKDKAERRLAYNEEQIHKFDKQKLYYHATKAMTHFTDECVKKYEAFLNKSEEWIRKMLHLRKQLLSLTNQCFDIEEEVSKYQEYTNELQETLPQKMFTASSGIKHTMTPIYPSSNTLVEMTLGMKKLKEEMEGVVKELAENNHILERFGSLTMDGGLRNVDCL
Q2FHV1	MTKHYLNSKYQSEQRSSAMKKITMGTASIILGSLVYIGADSQQVNAATEATNATNNQSTQVSQATSQPINFQVQKDGSSEKSHMDDYMQHPGKVIKQNNKYYFQTVLNNASFWKEYKFYNANNQELATTVVNDNKKADTRTINVAVEPGYKSLTTKVHIVVPQINYNHRYTTHLEFEKAIPTLADAAKPNNVKPVQPKPAQPKTPTEQTKPVQPKVEKVKPTVTTTSKVEDNHSTKVVSTDTTKDQTKTQTAHTVKTAQTAQEQNKVQTPVKDVATAKSESNNQAVSDNKSQQTNKVTKHNETPKQASKAKELPKTGLTSVDNFISTVAFATLALLGSLSLLLFKRKESK
